,original        ,organized
0,21Plus,21plus
1,21世紀,21plus
2,一家人 OUR FAMILY,一家人ourfamily
3,一家人,一家人ourfamily
4,九陽,九陽joyoung
5,九陽 Joyoung,九陽joyoung
6,九陽 JOYOUNG,九陽joyoung
7,WADAKAN,八甲田wadakan
8,八甲田,八甲田wadakan
9,三多,三多sentosa
10,三多 SENTOSA,三多sentosa
11,Suntory 三得利,三得利suntory
12,三得利,三得利suntory
13,三得利 SUNTORY,三得利suntory
14,三菱,三菱電機mitsubishi
15,三菱 MITSUBISHI,三菱電機mitsubishi
16,三菱 Mitsubishi,三菱電機mitsubishi
17,三菱電機,三菱電機mitsubishi
18,三詩達,三詩達sunstar
19,三詩達 SUNSTAR,三詩達sunstar
20,上山採藥 tsaio,上山採藥tsaio
21,tsaio 上山採藥,上山採藥tsaio
22,上山採藥,上山採藥tsaio
23,上豪 SUNHOW,上豪sunhow
24,上豪,上豪sunhow
25,大河 TAIGA,大河taiga
26,大河,大河taiga
27,大研,大研生醫
28,大研生醫,大研生醫
29,大拇指 FP,大潤發
30,大拇指,大潤發
31,大潤發,大潤發
32,小米 xiaomi,小米xiaomi
33,小米,小米xiaomi
34,米家,小米xiaomi
35,小獅王辛巴,小獅王辛巴
36,小獅王,小獅王辛巴
37,小綠 Gtech,小綠人gtech
38,小綠人,小綠人gtech
39,Burt's Bees,小蜜蜂爺爺burt'sbees
40,Burt's Bees 小蜜蜂爺爺,小蜜蜂爺爺burt'sbees
41,BURT'S BEES 小蜜蜂爺爺,小蜜蜂爺爺burt'sbees
42,小澤 Kozawa,小澤kozawa
43,小澤,小澤kozawa
44,山水,山水sansui
45,山水 SANSUI,山水sansui
46,山加利 Sangaria,山加利sangaria
47,SANGARIA,山加利sangaria
48,山司伯特 SAN sports,山司伯特sansports
49,山司伯特 SAN SPORTS,山司伯特sansports
50,山多力 SDL,山多力sdl
51,山多力,山多力sdl
52,山崎 YAMASAKI,山崎yamasaki
53,山崎,山崎yamasaki
54,ESPRIQUE PRECIOUS 丰靡美姬,丰靡美姬espriqueprecious
55,ESPRIQUE PRECIOUS丰靡美姬,丰靡美姬espriqueprecious
56,Derma 丹麥德瑪,丹麥德瑪derma
57,Derma,丹麥德瑪derma
58,丹麥德瑪 Derma,丹麥德瑪derma
59,元山牌,元山牌
60,元山,元山牌
61,Paris Fashion 巴黎香氛,巴黎香氛parisfragrance
62,Paris fragrance 巴黎香氛,巴黎香氛parisfragrance
63,L'Oréal Paris 巴黎萊雅,巴黎萊雅l'orealparis
64,巴黎萊雅 L'OREAL PARIS,巴黎萊雅l'orealparis
65,LION 獅王,日本獅王lion
66,獅王 LION,日本獅王lion
67,獅王,日本獅王lion
68,LION獅王,日本獅王lion
69,日本獅王,日本獅王lion
70,獅王LION,日本獅王lion
71,LION Kirei-kirei 日本獅王趣淨,日本獅王lion
72,PAIR 沛醫亞,日本獅王lion
73,ROHTO 日本樂敦,日本樂敦rohto
74,ROHTO 樂敦,日本樂敦rohto
75,IRIS,日本irisohyama
76,IRIS OHYAMA,日本irisohyama
77,日本Iris Ohyama,日本irisohyama
78,Iris Ohyama,日本irisohyama
79,Toffy,日本toffy
80,日本Toffy,日本toffy
81,日立 HITACHI,日立
82,日立 ITACHI,日立
83,日虹,日虹
84,日虹牌,日虹
85,日清,日清
86,日清 NISSIN,日清
87,日象 zushiang,日象zushiang
88,日象 Zushiang,日象zushiang
89,日象,日象zushiang
90,凱瑞克 KALORIK,比利時凱瑞克kalorik
91,比利時凱瑞克,比利時凱瑞克kalorik
92,比菲多質立,比菲多
93,比菲多優意思,比菲多
94,比菲多,比菲多
95,比菲多乳之初,比菲多
96,Hydro Balance 水平衡,水平衡hydrobalance
97,水平衡,水平衡hydrobalance
98,水平衡 Hydro Balance,水平衡hydrobalance
99,片岡,片岡
100,MON,片岡
101,牛乳石鹼,牛乳石鹼
102,SkinLife,牛乳石鹼
103,NARUKO 牛爾親研,牛爾親研naruko
104,牛爾,牛爾親研naruko
105,麥斯威爾 Maxwell,卡夫亨氏
106,卡夫亨氏,卡夫亨氏
107,CARVIN KOLAI 卡汶克萊,卡汶克萊carvinkolai
108,卡汶克萊,卡汶克萊carvinkolai
109,CK N-95,卡汶克萊carvinkolai
110,卡氛 KAFEN,卡氛kafen
111,卡氛,卡氛kafen
112,卡薩 Casa,卡薩咖啡casa
113,卡薩咖啡,卡薩咖啡casa
114,CASA,卡薩咖啡casa
115,古寶,古寶無患子
116,古寶無患子,古寶無患子
117,可瑞絲 KERASYS,可瑞絲kerasys
118,Derma&More,可瑞絲kerasys
119,台酒生技,台酒生技ttl
120,TTL 台酒生技,台酒生技ttl
121,台塑,台塑生醫醫之方
122,醫之方,台塑生醫醫之方
123,台塑生醫 醫之方,台塑生醫醫之方
124,台塑生醫,台塑生醫醫之方
125,台塑生醫 Dr’s Formula,台塑生醫dr'sformula
126,Dr‘s Formula,台塑生醫dr'sformula
127,Dr's Formula 台塑生醫,台塑生醫dr'sformula
128,台塑生醫Dr's Formula,台塑生醫dr'sformula
129,台農,台農
130,台農燕巢,台農
131,台農崙背,台農
132,台農鮮乳廠,台農
133,台鹽生技,台鹽生技
134,台鹽,台鹽生技
135,台塩,台鹽生技
136,臺鹽,台鹽生技
137,台灣三洋 SANLUX,台灣三洋sanlux
138,三洋 SANLUX,台灣三洋sanlux
139,台灣三洋,台灣三洋sanlux
140,三洋,台灣三洋sanlux
141,台灣啤酒,台灣啤酒
142,台啤,台灣啤酒
143,四季,四季seasons
144,四季 Seasons,四季seasons
145,布朗博士,布朗博士dr.bronner's
146,Dr. SKIN,布朗博士dr.bronner's
147,Dr. Bronner's 布朗博士,布朗博士dr.bronner's
148,未來實驗室 Future Lab.,未來實驗室futurelab.
149,未來實驗室 FUTURE LAB,未來實驗室futurelab.
150,Future Lab 未來實驗室,未來實驗室futurelab.
151,正負零±0,正負零
152,正負零,正負零
153,永信 HAC,永信 hac
154,永信藥品,永信 hac
155,永信,永信 hac
156,生態綠 okogreen,生態綠okogreen
157,生態綠,生態綠okogreen
158,Snow White 白雪,白雪snowwhite
159,白雪,白雪snowwhite
160,石頭科技 Roborock,石頭科技roborock
161,石頭科技,石頭科技roborock
162,禾聯,禾聯heran
163,禾聯 HERAN,禾聯heran
164,YVES Rocher,伊夫黎雪 yves rocher
165,伊夫黎雪yves rocher,伊夫黎雪 yves rocher
166,伊夫‧黎雪 Yves Rocher,伊夫黎雪 yves rocher
167,yves rocher,伊夫黎雪 yves rocher
168,伊夫黎雪. yves rocher,伊夫黎雪 yves rocher
169,Hito,伊的 hito
170,Hito 伊的,伊的 hito
171,伊思It's Skin,伊思it'sskin
172,It's skin,伊思it'sskin
173,伊莉亞 ELLIA,伊莉亞ellia
174,ELLIA 伊莉亞,伊莉亞ellia
175,伊萊克斯,伊萊克斯electrolux
176,伊萊克斯 Electrolux,伊萊克斯electrolux
177,ESCENTS 伊聖詩,伊聖詩
178,伊聖詩,伊聖詩
179,伊聖詩 cosmescents,伊聖詩
180,伊瑪 imarflex,伊瑪imarflex
181,伊瑪 Imarflex,伊瑪imarflex
182,伊德爾,伊德爾el
183,EL伊德爾,伊德爾el
184,ISANA 伊薩娜,伊薩娜isana
185,ISANA,伊薩娜isana
186,伊藤園,伊藤園itoen
187,伊藤園 Ito EN,伊藤園itoen
188,Elizabeth Arden 伊麗莎白雅頓,伊麗莎白雅頓elizabetharden
189,伊麗莎白雅頓,伊麗莎白雅頓elizabetharden
190,全球寵物 GLOBAL PETS,全球寵物globalpets
191,全球寵物,全球寵物globalpets
192,吉妮斯,吉妮斯gennis
193,吉尼斯 Gennis,吉妮斯gennis
194,WHOO 后,后whoo
195,Whoo 后,后whoo
196,Dove 多芬,多芬dove
197,多芬 Dove,多芬dove
198,多芬,多芬dove
199,多納,多納滋naturalpie
200,多納滋 Natural Pie,多納滋naturalpie
201,More,多喝水
202,多喝水,多喝水
203,BFFECT,好肌膚精華研究室bffect
204,BFFECT 好肌膚精華研究室,好肌膚精華研究室bffect
205,朵蔓朵蓮 Dormindorcin,朵蔓朵蓮dormindorcin
206,朵蔓朵蓮,朵蔓朵蓮dormindorcin
207,Dr.Douxi朵璽,朵璽dr.douxi
208,Dr.Douxi 朵璽,朵璽dr.douxi
209,百喬生醫,百喬
210,百喬,百喬
211,Reise米膚,米膚reise
212,米膚 Reise,米膚reise
213,自然之綠,自然之綠naturaverde
214,自然之綠 NATURAVERDE,自然之綠naturaverde
215,自然癮食 Addiction,自然癮食addiction
216,自然癮食 ADDICTION,自然癮食addiction
217,艾克博士 Dr. Aik,艾克博士dr.aik
218,艾克博士,艾克博士dr.aik
219,Aiken 艾肯,艾肯aiken
220,艾肯,艾肯aiken
221,艾肯 aiken,艾肯aiken
222,Aiken,艾肯aiken
223,艾美特,艾美特airmate
224,艾美特 AIRMATE,艾美特airmate
225,Aveeno 艾惟諾,艾惟諾aveeno
226,艾惟諾,艾惟諾aveeno
227,ENCHANTEUR 艾詩,艾詩緹astalift
228,艾詩,艾詩緹astalift
229,ASTALIFT 艾詩緹,艾詩緹astalift
230,Amma Garden 艾瑪花園,艾瑪花園ammagarden
231,艾瑪花園 Amma garden,艾瑪花園ammagarden
232,艾瑪花園,艾瑪花園ammagarden
233,APIVITA,艾蜜塔apivita
234,APIVITA 艾蜜塔,艾蜜塔apivita
235,艾黎亞 ANRIEA,艾黎亞anriea
236,艾黎亞,艾黎亞anriea
237,西雅圖,西雅圖barista
238,西雅圖 BARISTA,西雅圖barista
239,伯朗咖啡,伯朗咖啡
240,伯朗,伯朗咖啡
241,JOURDENESS 佐登妮絲,佐登妮絲jourdeness
242,佐登妮絲,佐登妮絲jourdeness
243,Kneipp 克奈圃,克奈圃kneipp
244,克奈圃,克奈圃kneipp
245,克奈圃 Kneipp,克奈圃kneipp
246,克寧,克寧klim
247,克寧 KLIM,克寧klim
248,初鹿牧場,初鹿鮮乳
249,初鹿,初鹿鮮乳
250,初鹿鮮乳,初鹿鮮乳
251,初鹿鮮乳,初鹿鮮乳
252,台東初鹿,初鹿鮮乳
253,利百代 LIBERTY,利百代liberty
254,利百代,利百代liberty
255,NUIT 努特,努特nuit
256,努特 NUIT,努特nuit
257,DYDO 吟麗,吟麗dydo
258,DYDO,吟麗dydo
259,宏碁 Acer,宏碁acer
260,Acer 宏碁,宏碁acer
261,GIGABYTE 技嘉,技嘉gigabyte
262,技嘉 GIGABYTE,技嘉gigabyte
263,每朝健康,每朝健康
264,每朝,每朝健康
265,汰漬 Tide,汰漬tide
266,汰漬 TIDE,汰漬tide
267,TIDE,汰漬tide
268,Tide,汰漬tide
269,沙宣 VS,沙宣vs
270,沙宣,沙宣vs
271,沛特斯,沛特斯petalfresh
272,PETAL FRESH 沛特斯,沛特斯petalfresh
273,沛綠雅,沛綠雅perrier
274,沛綠雅 Perrier,沛綠雅perrier
275,Pelican 沛麗康,沛麗康pelican
276,沛麗康 Pelican,沛麗康pelican
277,BABE 貝貝實驗室,貝貝實驗室babe
278,貝貝實驗室,貝貝實驗室babe
279,Baan 貝恩,貝恩baan
280,Baan,貝恩baan
281,貝恩,貝恩baan
282,Bioderma 貝膚黛瑪,貝膚黛瑪bioderma
283,BIODERMA 貝膚黛瑪,貝膚黛瑪bioderma
284,貝親 Pigeon,貝親pigeon
285,貝親,貝親pigeon
286,Pigeon貝親,貝親pigeon
287,ARMANI 亞曼尼,亞曼尼giorgioarmani
288,GIORGIO ARMANI 亞曼尼,亞曼尼giorgioarmani
289,GIORGIO ARMANI,亞曼尼giorgioarmani
290,Kanebo 佳麗寶-開架式,佳麗寶kanebo
291,Kanebo 佳麗寶,佳麗寶kanebo
292,印象之美,佳麗寶kanebo
293,LUNA,佳麗寶kanebo
294,LUNASOL,佳麗寶kanebo
295,味王,味王
296,味王麵,味王
297,味全林鳳營,味全
298,味全,味全
299,味全簡單點,味全
300,味全萬丹,味全
301,味味一品,味味
302,味味A,味味
303,味味麵,味味
304,HCG 和成,和成hcg
305,和成,和成hcg
306,咖樂迪咖啡農場,咖樂迪咖啡農場
307,咖樂迪,咖樂迪咖啡農場
308,KISSME,奇士美 kissme
309,KISSME 奇士美,奇士美 kissme
310,kiss,奇士美 kissme
311,KilaDoll 奇拉朵,奇拉朵kiladoll
312,奇拉 Keyra,奇拉朵kiladoll
313,奇哥 CHIC A BON,奇哥chicabon
314,奇哥,奇哥chicabon
315,奇異,奇異廚房kiwikitchens
316,奇異廚房 Kiwi Kitchens,奇異廚房kiwikitchens
317,NEO-TEC 妮傲絲翠,妮傲絲翠neo-tec
318,NEO-TEC妮傲絲翠,妮傲絲翠neo-tec
319,妮維雅 NIVEA,妮維雅nivea
320,Nivea 妮維雅,妮維雅nivea
321,NIVEA 妮維雅,妮維雅nivea
322,G+ 居家,居家
323,G+居家,居家
324,WATSONS,屈臣氏watsons
325,屈臣氏 Watsons,屈臣氏watsons
326,Watsons 屈臣氏,屈臣氏watsons
327,屈臣氏,屈臣氏watsons
328,Naturals,屈臣氏watsons
329,Naturals by Watsons,屈臣氏watsons
330,Arome by Watsons,屈臣氏watsons
331,岡本,岡本
332,哈妮來,岡本
333,帕瑪氏 PALMER'S,帕瑪氏palmer's
334,PALMER'S 帕瑪氏,帕瑪氏palmer's
335,怪獸部落,怪獸部落litomon
336,怪獸部落 LitoMon,怪獸部落litomon
337,拉美拉 LA MEI LA,拉美拉lameila
338,Lameila 拉美拉,拉美拉lameila
339,Mdmmd,明洞國際mdmmd
340,Mdmmd 明洞國際,明洞國際mdmmd
341,明洞國際,明洞國際mdmmd
342,東元 TECO,東元teco
343,東元,東元teco
344,東邦 UTAMARO,東邦utamaro
345,東邦,東邦utamaro
346,東芝 TOSHIBA,東芝toshiba
347,東芝,東芝toshiba
348,松井 SONGEN,松井songen
349,松井,松井songen
350,松木家電 MATRIC,松木家電matric
351,松木,松木家電matric
352,林內牌,林內
353,林內,林內
354,法國特福 Tefal,法國特福tefal
355,特福 TEFAL,法國特福tefal
356,特福 Tefal,法國特福tefal
357,Najel,法國najel
358,法國Najel,法國najel
359,Fees,法緻 fees
360,法緻 Fees,法緻 fees
361,Fees 法緻,法緻 fees
362,波力,波力poli
363,波力 POLI,波力poli
364,直覺,直覺sweettouch
365,直覺 sweet touch,直覺sweettouch
366,肯尼士,肯尼士kennex
367,肯尼士 KENNEX,肯尼士kennex
368,AVEDA,肯夢aveda
369,AVEDA 肯夢,肯夢aveda
370,芙絲 VOSS,芙絲voss
371,芙絲,芙絲voss
372,芭樂雅 Balea,芭樂雅balea
373,Balea芭樂雅,芭樂雅balea
374,Balea 芭樂雅,芭樂雅balea
375,花王,花王kao
376,花王 Kao,花王kao
377,Kao 花王,花王kao
378,花王kao,花王kao
379,花仙子 Farcent,花仙子 Farcent
380,Farcent,花仙子 Farcent
381,FANCL 芳珂,芳珂fancl
382,FANCL,芳珂fancl
383,虎牌,虎牌tiger
384,虎牌 TIGER,虎牌tiger
385,采緹,采緹tsaeti
386,Tsae Ti 采緹,采緹tsaeti
387,長庚生技,長庚
388,長庚,長庚
389,阿加菲亞老奶奶 Grandmother Agafia,阿加菲亞老奶奶grandmotheragafia
390,Grandmother Agafia 阿加菲亞老奶奶,阿加菲亞老奶奶grandmotheragafia
391,Agafia阿卡菲,阿加菲亞老奶奶grandmotheragafia
392,阿曼特 armonto,阿曼特armonto
393,阿曼特 Armonto,阿曼特armonto
394,信東,信東生技
395,信東生技,信東生技
396,益暢優 yourla,信東生技
397,威德 Weider,威德weider
398,威德,威德weider
399,威寶 Kaiser,威寶kaiser
400,威寶,威寶kaiser
401,屏大,屏大
402,屏科大,屏大
403,Sebamed 施巴,施巴 sebamed
404,施巴 Sebamed,施巴 sebamed
405,施巴Sebamed,施巴 sebamed
406,施巴,施巴 sebamed
407,星巴克 Starbucks,星巴克starbucks
408,星巴克,星巴克starbucks
409,ROUDYE 柔蝶,柔蝶roudye
410,Roudye 柔蝶,柔蝶roudye
411,柔蝶 Roudye,柔蝶roudye
412,柳屋 YANAGIYA,柳屋yanagiya
413,YANAGIYA 柳屋,柳屋yanagiya
414,活力廚坊,活力廚房
415,活力廚房,活力廚房
416,PEZRI 派翠,派翠pezri
417,PEZRI派翠,派翠pezri
418,Clio 珂莉奧,珂莉奧 clio
419,CLIO 珂莉奧,珂莉奧 clio
420,珂瑪德 GamARde,珂瑪德 gamarde
421,GamARde 珂瑪德,珂瑪德 gamarde
422,Curel 珂潤,珂潤curel
423,珂潤,珂潤curel
424,珂潤 Curel,珂潤curel
425,Cure,珂潤curel
426,皇冠 CROWN,皇冠crown
427,皇冠 Nutra Tech,皇冠crown
428,皇冠,皇冠crown
429,皇家特莉 Tilley,皇家特莉tilley
430,Tilley 皇家特莉,皇家特莉tilley
431,Tilley 百年特莉,皇家特莉tilley
432,Kirkland Signature 科克蘭,科克蘭 kirklandsignature
433,科克蘭 Kirkland,科克蘭 kirklandsignature
434,科克蘭 Kirkland Signature,科克蘭 kirklandsignature
435,CORSICA 科皙佳,科皙佳corsica
436,CORSICA,科皙佳corsica
437,紅牛 Red Bull,紅牛redbull
438,紅牛,紅牛redbull
439,紅印,紅印
440,紐西蘭紅印 Red Seal,紅印
441,美津農 MIZUNO,美津農 mizuno
442,美津濃 MIZUNO,美津農 mizuno
443,美泰克 Maytag,美泰克 maytag
444,美泰克 MAYTAG,美泰克 maytag
445,MAYCHEER,美茜兒maycheer
446,MAYCHEER 美茜兒,美茜兒maycheer
447,Oster,美國oster
448,美國Oster,美國oster
449,OSTER,美國oster
450,美寧 Mistral,美寧mistral
451,美寧,美寧mistral
452,美樂,美樂思mediplus
453,Mediplus 美樂思,美樂思mediplus
454,美膳雅 Cuisinart,美膳雅cuisinart
455,美膳雅,美膳雅cuisinart
456,The Body Shop 美體小舖,美體小舖 thebodyshop
457,THE BODY SHOP,美體小舖 thebodyshop
458,美體小舖 The Body Shop,美體小舖 thebodyshop
459,The Body Shop,美體小舖 thebodyshop
460,耐吉斯 SOLUTION,耐吉斯solution
461,耐吉斯 Solution,耐吉斯solution
462,英倫薇朵 H＆W,英倫薇朵 H＆W
463,H＆W,英倫薇朵 H＆W
464,Valentino Rudy 范倫鐵諾,范倫鐵諾valentinorudy
465,范倫鐵諾 Valentino Rudy,范倫鐵諾valentinorudy
466,茉娜姿 moraz,茉娜姿moraz
467,茉娜姿,茉娜姿moraz
468,Dior 迪奧,迪奧dior
469,迪奧 Dior,迪奧dior
470,DIOR,迪奧dior
471,飛利浦,飛利浦philips
472,飛利浦 Philips,飛利浦philips
473,飛利浦 PHILIPS,飛利浦philips
474,香草集 JustHerb,香草集justherb
475,JustHerb 香草集,香草集justherb
476,JustHerb,香草集justherb
477,香草集,香草集justherb
478,Les nez 香鼻子,香鼻子lesnez
479,Les nez,香鼻子lesnez
480,倍力 BLUEBAY,倍力bluebay
481,倍力 Blue Bay,倍力bluebay
482,倍思特 BEST,倍思特 Best
483,倍思特 Best,倍思特 Best
484,倍麗兒,倍麗兒perioe
485,倍麗兒 PERIOE,倍麗兒perioe
486,倫士度 LUCIDO,倫士度lucido
487,LUCIDO 倫士度,倫士度lucido
488,夏普 SHARP,夏普sharp
489,夏普,夏普sharp
490,夏普 Sharp,夏普sharp
491,娜艾菩naive,娜艾菩naive
492,naive 娜艾菩,娜艾菩naive
493,娜奧NOW,娜奧now
494,NOW 娜奧,娜奧now
495,NOW娜奧,娜奧now
496,Miyoshi 家族石鹼,家族石鹼miyoshi
497,MIYOSHI,家族石鹼miyoshi
498,玉之肌 MIYOSHI,家族石鹼miyoshi
499,家福,家樂福
500,家福 Carrefour,家樂福
501,家樂福,家樂福
502,悅氏,悅氏
503,悅氏茶品,悅氏
504,海爾,海爾haier
505,海爾 Haier,海爾haier
506,海爾 HAIER,海爾haier
507,HEAD 海德,海德head
508,海德 HEAD,海德head
509,烘焙客 Oven Baked,烘焙客 Oven Baked
510,Oven-Baked,烘焙客 Oven Baked
511,特力屋 HOLA,特力屋hola
512,特力屋,特力屋hola
513,益瑞昇,益瑞昇
514,愛瑞雅,益瑞昇
515,PURE純戀,純戀pure
516,純戀 PURE,純戀pure
517,索尼 SONY,索尼 SONY
518,SONY,索尼 SONY
519,茶籽堂 cha tzu tang,茶籽堂chatzutang
520,cha tzu tang 茶籽堂,茶籽堂chatzutang
521,KOSE 高絲,高絲 kose
522,KOSE 高絲-專櫃,高絲 kose
523,雪肌精,高絲 kose
524,GRACE ONE 極上活妍,高絲 kose
525,Softymo 絲芙蒂,高絲 kose
526,Junkisei Prime 潤肌精,高絲 kose
527,GHR,健康主義ghr
528,GHR健康主義,健康主義ghr
529,唯潔雅,唯潔 whimzees
530,唯潔 WHIMZEES,唯潔 whimzees
531,國際牌 panasonic,國際牌 panasonic
532,國際牌 PANASONIC,國際牌 panasonic
533,國際牌,國際牌 panasonic
534,國際,國際牌 panasonic
535,國際牌 Panasonic,國際牌 panasonic
536,Panasonic,國際牌 panasonic
537,bab 培寶,培寶bab
538,培寶,培寶bab
539,專科,專科senka
540,SENKA 專科,專科senka
541,QUNDO 康朵,康朵qundo
542,康朵,康朵qundo
543,康貝,康貝combi
544,Combi 康貝,康貝combi
545,康貝 Combi,康貝combi
546,COMBI,康貝combi
547,康是美,康是美自有品牌ms.cosmed
548,康是美自有品牌,康是美自有品牌ms.cosmed
549,Ms.COSMED,康是美自有品牌ms.cosmed
550,得意,得意人生
551,得意人生,得意人生
552,御衣坊 Akira,御衣坊akira
553,御衣坊,御衣坊akira
554,Akira御衣坊,御衣坊akira
555,AK,御衣坊akira
556,御皇居 ROYAL,御皇居royal
557,御皇居,御皇居royal
558,御茶園,御茶園
559,每朝健康,御茶園
560,曼秀雷敦 MENTHOLATUM,曼秀雷敦mentholatum
561,MENTHOLATUM 曼秀雷敦,曼秀雷敦mentholatum
562,Simple Life,清妍simple
563,Simple 清妍,清妍simple
564,理想 PERFECT,理想perfect
565,理想 Perfect,理想perfect
566,理膚寶水,理膚寶水larocheposay
567,LA ROCHE POSAY 理膚寶水,理膚寶水larocheposay
568,Wellness,盛燦男士wellness+
569,wellness+ 盛燦男士,盛燦男士wellness+
570,Herbox 荷柏園,荷柏園herbox
571,荷柏園,荷柏園herbox
572,HERBOX 荷柏園,荷柏園herbox
573,荷蘭公主 PRINCESS,荷蘭公主princess
574,荷蘭公主,荷蘭公主princess
575,Revital 莉薇特麗,莉薇特麗revital
576,莉薇特麗,莉薇特麗revital
577,Revital,莉薇特麗revital
578,莎特Satter,莎特satter
579,莎特 SATTER,莎特satter
580,莫凡彼,莫凡彼movenpick
581,莫凡彼 MOVENPICK,莫凡彼movenpick
582,野宴 Livin Wild,野宴livin'wild
583,野宴 LIVIN’ WILD,野宴livin'wild
584,雀巢,雀巢nestle
585,雀巢 Nestle,雀巢nestle
586,Cellina 雪芙蘭,雪芙蘭cellina
587,雪芙蘭 Cellina,雪芙蘭cellina
588,雪芙蘭,雪芙蘭cellina
589,凱婷 kate,凱婷kate
590,KATE 凱婷,凱婷kate
591,KATE TOKYO 凱婷,凱婷kate
592,凱夢 Dream Trend,凱夢dreamtrend
593,DREAM TREND 凱夢,凱夢dreamtrend
594,博朗氏,博朗氏balance
595,博朗氏 Balance,博朗氏balance
596,博寶兒 Probo,博寶兒probo
597,博寶兒Probo,博寶兒probo
598,Probo 博寶兒,博寶兒probo
599,Himalaya 喜馬拉雅,喜馬拉雅himalaya
600,喜馬拉雅 Himalaya,喜馬拉雅himalaya
601,heme 喜蜜,喜蜜heme
602,heme,喜蜜heme
603,喜樂寵宴 Joy Food,喜樂寵宴joyfood
604,喜樂寵宴JOY FOOD,喜樂寵宴joyfood
605,喵洽普,喵洽普plancat
606,喵洽普 PLAN CAT,喵洽普plancat
607,TIMARU 堤瑪露,堤瑪露timaru
608,Timaru 堤瑪露,堤瑪露timaru
609,Deary,媞爾妮 deary
610,Deary 媞爾妮,媞爾妮 deary
611,媞爾妮 Deary,媞爾妮 deary
612,富力森 FURIMORI,富力森 furimori
613,富力森 Furimori,富力森 furimori
614,富力森,富力森 furimori
615,富士通FUJITSU,富士
616,富士通,富士
617,富士,富士
618,富士電通 Fujitek,富士
619,富及第 FRIGIDAIRE,富及第frigidaire
620,富及第,富及第frigidaire
621,富及第 Frigidaire,富及第frigidaire
622,惠而浦 Whirlpool,惠而浦whirlpool
623,惠而浦,惠而浦whirlpool
624,惠而浦 whirlpool,惠而浦whirlpool
625,惠普 HP,惠普hp
626,HP 惠普,惠普hp
627,普洛斯Prosi,普洛斯prosi
628,普洛斯,普洛斯prosi
629,普洛斯 Prosi,普洛斯prosi
630,朝日,朝日
631,ASAHI 朝日,朝日
632,Asahi,朝日
633,森田藥粧,森田藥粧
634,DR.JOU 達特周,森田藥粧
635,Jonzac 森朵恩泉,森朵恩泉jonzac
636,Jonzac,森朵恩泉jonzac
637,森歐黎漾 Saholea,森歐黎漾saholea
638,森歐黎漾,森歐黎漾saholea
639,SAHOLEA,森歐黎漾saholea
640,植村秀 Shu uemura,植村秀shuuemura
641,植村秀 shu uemura,植村秀shuuemura
642,shu uemura 植村秀,植村秀shuuemura
643,Bonnie House 植享家,植享家bonniehouse
644,植享家,植享家bonniehouse
645,渴望 ORIJEN,渴望orijen
646,渴望 Orijen,渴望orijen
647,湛盧咖啡,湛盧咖啡
648,湛盧,湛盧咖啡
649,無印良品,無印良品muji
650,無印良品 MUJI,無印良品muji
651,MUJI 無印良品,無印良品muji
652,犀牛 Rhino,犀牛rhino
653,RHINO 犀牛,犀牛rhino
654,猋 Pure,猋pure
655,猋,猋pure
656,PURE,猋pure
657,琺頌 FASUN,琺頌 FASUN
658,FASUN,琺頌 FASUN
659,統一,統一
660,統一蜜豆奶,統一
661,統一生機,統一
662,統一水果牛乳,統一
663,統一瑞穗,統一瑞穗
664,統一瑞穗極制,統一瑞穗
665,統一AB,統一AB
666,統一 AB,統一AB
667,統一LP33,統一LP33
668,LP33,統一LP33
669,統欣生技,統欣生技
670,統欣生物科技,統欣生技
671,ANGFA 絲凱露,絲凱露angfascalp-dbeauteangfad
672,ANGFA SCALP-D Beaute ANGFA 絲凱露D,絲凱露angfascalp-dbeauteangfad
673,ANGFA,絲凱露angfascalp-dbeauteangfad
674,絲蘊 Syoss,絲蘊syoss
675,syoss 絲蘊,絲蘊syoss
676,舒味思 Schweppes,舒味思schweppes
677,舒味思,舒味思schweppes
678,Cetaphil 舒特膚,舒特膚cetaphil
679,舒特膚,舒特膚cetaphil
680,菇王食品,菇王食品
681,菇王,菇王食品
682,華陀,華陀扶元堂
683,華陀扶元堂,華陀扶元堂
684,菲特研 FIRST LAB,菲特研firstlab
685,菲特研FIRST LAB,菲特研firstlab
686,THE FACE SHOP 菲詩小舖,菲詩小舖thefaceshop
687,THE FACE SHOP菲詩小舖,菲詩小舖thefaceshop
688,菲蘇德美,菲蘇德美phisoderm
689,pHisoDerm 菲蘇德美,菲蘇德美phisoderm
690,象印,象印zojirushi
691,象印 Zojirushi,象印zojirushi
692,象印 ZOJIRUSHI,象印zojirushi
693,酷涼 Esense,逸盛esense
694,逸盛 Esense,逸盛esense
695,Avene 雅漾,雅漾avene
696,Avène 雅漾,雅漾avene
697,雅聞 ARWIN,雅聞倍優arwin
698,雅聞倍優,雅聞倍優arwin
699,黑人,黑人牙膏
700,黑人牙膏,黑人牙膏
701,黑松 HeySong,黑松heysong
702,黑松,黑松heysong
703,微星 MSI,微星科技msi
704,微星科技 MSI,微星科技msi
705,msi 微星,微星科技msi
706,愛力,愛力根
707,愛力根,愛力根
708,adidas 愛迪達,愛迪達adidas
709,adidas,愛迪達adidas
710,愛迪達 adidas,愛迪達adidas
711,愛恩富 ANF,愛恩富anf
712,愛恩富,愛恩富anf
713,愛華,愛華aiwa
714,愛華 aiwa,愛華aiwa
715,愛爾康,愛爾
716,愛爾曼,愛爾
717,愛爾,愛爾
718,愛維他,愛維他lovita
719,Lovita愛維他,愛維他lovita
720,新生,新生活純鮮乳品
721,新生活純鮮乳品,新生活純鮮乳品
722,新普利 Simply,新普利simply
723,新普利,新普利simply
724,極淨適,極淨
725,極淨,極淨
726,BANDAI,萬代bandai
727,bandai,萬代bandai
728,旺德 WONDER,萬能媽媽wonder
729,旺德 Wonder,萬能媽媽wonder
730,萬能媽媽 WONDER MAMA,萬能媽媽wonder
731,Balzano,義大利balzano
732,義大利Balzano,義大利balzano
733,義美,義美
734,義美生醫,義美
735,StClare 聖克萊爾,聖克萊爾st.clare
736,St.Clare 聖克萊爾,聖克萊爾st.clare
737,惜時 SEEDS,聖萊西seeds
738,聖萊西 Seeds,聖萊西seeds
739,聖碧濤 San Benedetto,聖碧濤 San Benedetto
740,San Benedetto,聖碧濤 San Benedetto
741,YSL 聖羅蘭,聖羅蘭ysl
742,YSL 伊夫·聖羅蘭,聖羅蘭ysl
743,YR,葉璐芝yr
744,葉璐芝,葉璐芝yr
745,蒂沐蝶 TIMOTEI,蒂沐蝶 TIMOTEI
746,Timotei,蒂沐蝶 TIMOTEI
747,詩芙儂 Sofnon,詩芙儂sofnon
748,Sofnon 詩芙儂,詩芙儂sofnon
749,SHISEIDO 資生堂國際櫃,資生堂shiseido
750,資生堂 SHISEIDO,資生堂shiseido
751,SHISEIDO 資生堂東京櫃,資生堂shiseido
752,資生堂,資生堂shiseido
753,SHISEIDO 資生堂,資生堂shiseido
754,SHISEIDO MEN,資生堂shiseido
755,農會牌,農會
756,農會,農會
757,Dr.Hsieh 達特醫,達特醫dr.hsieh
758,Dr.Hsieh達特醫,達特醫dr.hsieh
759,Dr.Hsieh,達特醫dr.hsieh
760,歌林 kolin,歌林kolin
761,歌林 KOLIN,歌林kolin
762,歌林,歌林kolin
763,歌林 Kolin,歌林kolin
764,熊野,熊野
765,PharmaACT,熊野
766,熊寶貝 SNUGGLE,熊寶貝snuggle
767,熊寶貝,熊寶貝snuggle
768,瑪宣妮,瑪宣妮macherie
769,瑪宣妮 MACHERIE,瑪宣妮macherie
770,瑪恩吉 MONGE,瑪恩吉monge
771,瑪恩吉 Monge,瑪恩吉monge
772,Crabtree＆Evelyn 瑰柏翠,瑰柏翠crabtree&evelyn
773,CRABTREE 瑰柏翠,瑰柏翠crabtree&evelyn
774,瑰柏翠,瑰柏翠crabtree&evelyn
775,福壽 FUSO Pets,福壽fusopets
776,福壽 FUSO,福壽fusopets
777,福樂頂級優酪,福樂
778,福樂鮮攪,福樂
779,福樂自然零,福樂
780,福樂低脂優酪,福樂
781,福樂,福樂
782,福樂一番鮮,福樂
783,自然零,福樂
784,綠手指 Green Finger,綠手指greenfinger
785,Green Finger,綠手指greenfinger
786,GREEN 綠的,綠的green
787,綠的 GREEN,綠的green
788,綠的,綠的green
789,綠的Green,綠的green
790,green,綠的green
791,綠野鮮食Health Extension,綠野鮮食healthextension
792,綠野鮮食 Health Extension,綠野鮮食healthextension
793,綠藤生機 Greenvines,綠藤生機greenvines
794,綠藤生機,綠藤生機greenvines
795,Vitabox,維他盒子vitabox
796,維他盒子,維他盒子vitabox
797,維他露P,維他露p
798,維他露,維他露p
799,Victoria's Secret 維多利亞的秘密,維多利亞的秘密victoria'ssecret
800,維多利亞的秘密,維多利亞的秘密victoria'ssecret
801,蓓昂斯 BYPHASSE,蓓昂斯byphasse
802,BYPHASSE 蓓昂斯,蓓昂斯byphasse
803,Bioré,蜜妮biore
804,蜜妮 Bioré,蜜妮biore
805,蜜妮,蜜妮biore
806,蜜妮Biore,蜜妮biore
807,Biore 蜜妮,蜜妮biore
808,蜜葳特 Melvita,蜜葳特melvita
809,Melvita 蜜葳特,蜜葳特melvita
810,Helena Rubinstein 赫蓮娜,赫蓮娜helenarubinstein
811,HR 赫蓮娜,赫蓮娜helenarubinstein
812,Ziaja 齊葉雅,齊葉雅ziaja
813,ZIAJA,齊葉雅ziaja
814,嬌生,嬌生
815,Johnson's 嬌生,嬌生
816,嬌生 Johnson's,嬌生
817,DMS 德妍思,德妍思dms
818,德妍思,德妍思dms
819,德律風根 Telefunken,德律風根telefunken
820,德律風根,德律風根telefunken
821,德記,德記洋行taittea
822,德記洋行 TAIT TEA,德記洋行taittea
823,Dr. Hauschka 德國世家,德國世家dr.hauschka
824,德國世家 Dr. Hauschka,德國世家dr.hauschka
825,BIONEO 德國百妮,德國百妮bioneo
826,德國百妮,德國百妮bioneo
827,德國達麗Dalli,德國達麗dalli
828,德國達麗 dalli,德國達麗dalli
829,德國雙人 Zwilling,德國雙人 Zwilling
830,班樂尼 Ballarini,德國雙人 Zwilling
831,DERMAL,德瑪dermal
832,DERMAL 德瑪,德瑪dermal
833,慕之恬廊 mustela,慕之恬廊mustela
834,Mustela,慕之恬廊mustela
835,Mustela 慕之恬廊,慕之恬廊mustela
836,慧心 SmartHeart,慧心貓糧smartheart
837,慧心貓糧 SmartHeart,慧心貓糧smartheart
838,摩斯,摩斯漢堡mos
839,摩斯漢堡 MOS,摩斯漢堡mos
840,摩爾思 mores,摩爾思mores
841,摩爾思,摩爾思mores
842,數位新貴 DigiKing,數位新貴digiking
843,數位,數位新貴digiking
844,樂天,樂天lotte
845,樂天 Lotte,樂天lotte
846,樂天 LOTTE,樂天lotte
847,Lotte樂天,樂天lotte
848,Lotte,樂天lotte
849,樂米亞,樂米larmi
850,樂米 LARMI,樂米larmi
851,樂金 LG,樂金lg
852,樂金,樂金lg
853,LG,樂金lg
854,O'Keeffe's 歐肌膚,歐肌膚o'keeffe's
855,O’Keeffe’s 歐肌膚,歐肌膚o'keeffe's
856,歐坷蔓 alkmene,歐坷蔓alkmene
857,alkmene 歐坷蔓,歐坷蔓alkmene
858,歐芮坦,歐芮坦orita
859,歐芮坦ORITA,歐芮坦orita
860,歐客佬 OKLAO,歐客佬oklao
861,歐客佬,歐客佬oklao
862,歐斯恩,歐斯恩oceanique
863,歐斯恩 Oceanique,歐斯恩oceanique
864,歐舒丹 L'OCCITANE,歐舒丹l'occitane
865,歐舒丹,歐舒丹l'occitane
866,L'OCCITANE 歐舒丹,歐舒丹l'occitane
867,歐萊德 Oright,歐萊德o'right
868,歐萊德,歐萊德o'right
869,O'right 歐萊德,歐萊德o'right
870,潔芬 Jie Fen,潔芬jiefen
871,潔芬,潔芬jiefen
872,潘柔 PANROSE,潘柔panrose
873,PANROSE 潘柔,潘柔panrose
874,PON PON MAN 澎澎Man,澎澎ponponmanman
875,澎澎,澎澎ponponmanman
876,StriVectin 皺效奇蹟,皺效奇蹟strivectin
877,StriVectin,皺效奇蹟strivectin
878,Freshel 膚蕊,膚蕊freshel
879,FRESHEL 膚蕊,膚蕊freshel
880,蔻蘿蘭 klorane,蔻蘿蘭klorane
881,蔻蘿蘭,蔻蘿蘭klorane
882,CeraVe 適樂膚,適樂膚cerave
883,CeraVe適樂膚,適樂膚cerave
884,NUXE 巴黎歐樹,黎可詩nuxe
885,NUXE 黎可詩,黎可詩nuxe
886,澤井,澤井
887,澤井咖啡,澤井
888,澳克騎士 Ivory Coat,澳克騎士ivorycoat
889,澳克騎士 IVORY COAT,澳克騎士ivorycoat
890,Blackmores 澳佳寶,澳佳寶blackmores
891,Blackmores澳佳寶,澳佳寶blackmores
892,AUS LIFE 澳思萊,澳思萊auslife
893,澳思萊 AUS LIFE,澳思萊auslife
894,澳潔蕬,澳潔蕬ausganica
895,澳潔蕬 Ausganica,澳潔蕬ausganica
896,璞草園,璞草園grange
897,璞草園 GRANGE,璞草園grange
898,璞莉可,璞莉可boutique
899,BOUTIQUE 璞莉可,璞莉可boutique
900,興波咖啡 Simple Kaffa,興波咖啡simplekaffa
901,興波咖啡,興波咖啡simplekaffa
902,古吉,興波咖啡simplekaffa
903,LOGONA 諾格那,諾格那logona
904,諾格那 LOGONA,諾格那logona
905,貓戀人,貓戀人honeycat
906,貓戀人 HONEY CAT,貓戀人honeycat
907,MUMCHIT,默契mumchit
908,MUMCHIT默契,默契mumchit
909,優生,優生usbaby
910,優生 US baby,優生usbaby
911,優柏 EUPA,優柏eupa
912,優柏,優柏eupa
913,優活力,優活
914,優活,優活
915,優格 TOMA-PRO,優格toma-pro
916,優格TOMA-PRO,優格toma-pro
917,戴森 DYSON,戴森dyson
918,戴森 Dyson,戴森dyson
919,Dyson,戴森dyson
920,DELL 戴爾,戴爾dell
921,戴爾Dell,戴爾dell
922,爵士貓吧 BBUY,爵士貓吧bbuy
923,爵士貓吧,爵士貓吧bbuy
924,聯想 Lenovo,聯想lenovo
925,Lenovo 聯想,聯想lenovo
926,聯碩,聯碩lenso
927,聯碩 LENSO,聯碩lenso
928,聲寶 Sampo,聲寶sampo
929,聲寶,聲寶sampo
930,聲寶 SAMPO,聲寶sampo
931,L'ERBOLARIO 蕾莉歐,蕾莉歐l'erbolario
932,蕾莉歐 L’ERBOLARIO,蕾莉歐l'erbolario
933,蕾莉歐,蕾莉歐l'erbolario
934,VICHY 薇姿,薇姿vichy
935,VICHY薇姿,薇姿vichy
936,WEDAR,薇達wedar
937,薇達,薇達wedar
938,VANICREAM 薇霓肌本,薇霓肌本vanicream
939,薇霓肌本 VANICREAM,薇霓肌本vanicream
940,鍋寶 CookPower,鍋寶cookpower
941,鍋寶,鍋寶cookpower
942,韓波俐,韓波俐hanboly
943,韓波俐 Hanboly,韓波俐hanboly
944,韓國2080,韓國2080
945,2080.0,韓國2080
946,韓國 LACTO,韓國歐紳osner
947,韓國 CJ,韓國歐紳osner
948,韓國422Inc,韓國歐紳osner
949,韓國不倒翁,韓國歐紳osner
950,韓國歐紳 OSNER,韓國歐紳osner
951,曜越 Luna,曜越luna
952,曜越 Tt eSPORTS,曜越luna
953,Lavender Cottage 薰衣草森林,薰衣草森林lavendercottage
954,薰衣草森林,薰衣草森林lavendercottage
955,藍帶 LV PRIMEBLUE,藍帶廚坊lvprimeblue
956,LCB藍帶廚坊,藍帶廚坊lvprimeblue
957,藍寶 BLAUPUNKT,藍寶blaupunkt
958,藍寶,藍寶blaupunkt
959,Fresh 馥蕾詩,馥蕾詩fresh
960,Fresh Line,馥蕾詩fresh
961,魏大夫 VF,魏大夫vf
962,VF魏大夫,魏大夫vf
963,ForBelovedOne 寵愛之名,寵愛之名forbelovedone
964,ForBelovedOne寵愛之名,寵愛之名forbelovedone
965,寵愛物語,寵愛物語petstory
966,寵愛物語 pet story,寵愛物語petstory
967,羅蜜歐 Romeo,羅密歐
968,微繫時光 Romeo L.,羅密歐
969,羅密歐 ROMEO,羅密歐
970,羅密歐,羅密歐
971,羅蜜歐 Romel L,羅密歐
972,麗仕,麗仕lux
973,麗仕 LUX,麗仕lux
974,麗克特 récolte,麗克特recolte
975,麗克特 recolte,麗克特recolte
976,麗克特,麗克特recolte
977,麗奇 REACH,麗奇reach
978,麗奇,麗奇reach
979,Neobio 麗柏有機,麗柏有機neobio
980,麗柏有機 Neobio,麗柏有機neobio
981,麗美盛,麗美盛
982,麗美,麗美盛
983,寶多福,寶多福petlife
984,統一寶多福 Petlife,寶多福petlife
985,PSK 寶絲汀,寶絲汀psk
986,PSK 深海美肌專家,寶絲汀psk
987,寶僑,寶僑ariel
988,Ariel,寶僑ariel
989,Persil,寶瀅persil
990,寶瀅Persil,寶瀅persil
991,EAU 耀,耀eau
992,耀 EAU,耀eau
993,EAU耀,耀eau
994,蘇菲,蘇菲娜sofina
995,SOFINA 蘇菲娜,蘇菲娜sofina
996,贏 IN-Plus,贏in-plus
997,贏 IN-PLUS,贏in-plus
998,L'EGERE 蘭吉兒,蘭吉兒l'egere
999,LEGERE 蘭吉兒,蘭吉兒l'egere
1000,LANCÔME 蘭蔻,蘭蔻lancome
1001,LANCOME 蘭蔻,蘭蔻lancome
1002,la lune 蘭韻,蘭韻lalune
1003,蘭韻,蘭韻lalune
1004,露遊 Treewalker,露遊treewalker
1005,Tree Walker,露遊treewalker
1006,TREEWALKER,露遊treewalker
1007,AHC,ahc
1008,A.H.C,ahc
1009,ALLEGRINI,allegrini
1010,Allegrini,allegrini
1011,Amino Mason,amino
1012,Amino,amino
1013,Apieu,apieu
1014,A'PIEU,apieu
1015,APRILSKIN,aprilskin
1016,Aprilskin,aprilskin
1017,Arcticpet,arctic
1018,ARCTIC,arctic
1019,Aroma zone,aroma
1020,Aroma,aroma
1021,A Star,astar
1022,A-Star bones,astar
1023,AVALON ORGANICS,avalonorganics
1024,AVALON,avalonorganics
1025,Be quiet,bequiet
1026,be quiet,bequiet
1027,BHK’s,bhk's
1028,BHK's,bhk's
1029,BONE,bone
1030,BonePlus,bone
1031,Bowwow,bowwow
1032,BowWow,bowwow
1033,CatFeet,catfeet
1034,CATFEET,catfeet
1035,cheers,cheers
1036,CheersJelly,cheers
1037,chicco,chicco
1038,Chicco,chicco
1039,CHICCO,chicco
1040,CLOVER,clover
1041,Clover,clover
1042,cocodor,cocodor
1043,Cocodor,cocodor
1044,Combo,combo
1045,COMBO,combo
1046,Converse,converse
1047,CONVERSE,converse
1048,Cooler Master,coolermaster
1049,COOLER MASTER,coolermaster
1050,Corona,corona
1051,CORONA,corona
1052,\u200eD-UP,D-UP
1053,D-UP,D-UP
1054,DOMO,domo
1055,Domo,domo
1056,Dr. 藝群,Dr.藝群
1057,Dr.藝群,Dr.藝群
1058,ECOS,ecostore
1059,ecostore,ecostore
1060,ELECOM,ELECOM
1061,ECLEAR,ELECOM
1062,ETUDE HOUSE,etudehouse
1063,Etude House,etudehouse
1064,ETUDE奧斯卡,etudehouse
1065,e.l.f.,ezlife
1066,EZlife,ezlife
1067,FARLIN,farlin
1068,Farlin,farlin
1069,FARM STAY,farmstay
1070,Farm stay,farmstay
1071,Go!,go!
1072,GO!,go!
1073,honey,honeysuckle
1074,HONEYSUCKLE,honeysuckle
1075,InfoThink,infothink
1076,infoThink,infothink
1077,John Masters Organics,johnmastersorganics
1078,john masters organics,johnmastersorganics
1079,Jo Malone,jomalone
1080,JO MALONE,jomalone
1081,Kirin,kirin
1082,KIRIN,kirin
1083,lestar,lestar
1084,Lestar,lestar
1085,loshi,loshi
1086,Loshi,loshi
1087,LOTUS,lotus
1088,Lotus,lotus
1089,Lucky,lucky
1090,LUCKY,lucky
1091,Lumina 露蜜,lumina
1092,Lumina beauty care,lumina
1093,MAGICOM,magicom
1094,Magicom,magicom
1095,MAMA,mama
1096,MAMA BUTTER,mama
1097,mamalove,mama
1098,Mandom Beauty,mandom
1099,MANDOM,mandom
1100,MISSHA,MISSHA
1101,MISSHAN 韓秀姬,MISSHA
1102,mod’s hair,mod'shair
1103,mod's hair,mod'shair
1104,NAC NAC,NAC NAC
1105,nacnac,NAC NAC
1106,Natural balance,naturalbalance
1107,Natural Balance,naturalbalance
1108,NICKA. K 妮卡,NICKA. K 妮卡
1109,Nicka.K,NICKA. K 妮卡
1110,NOR.,nor.
1111,North Field,nor.
1112,NUBY,nuby
1113,Nuby,nuby
1114,ONE amadana,oneamadana
1115,One amadana,oneamadana
1116,Pascual,pascual
1117,PASCUAL,pascual
1118,PETIO,petio
1119,Petio,petio
1120,Polarstar,pola
1121,POLA,pola
1122,PONY,pony
1123,PONY MEMEBOX,pony
1124,Pure Beauty,PURE BEAUTY
1125,PURE BEAUTY,PURE BEAUTY
1126,R.O.C.S.,r.o.c.s
1127,R.O.C.S,r.o.c.s
1128,Royal Unibrew,royalunibrew
1129,royal unibrew,royalunibrew
1130,SARAYA,saraya
1131,saraya,saraya
1132,She's,she's
1133,she's,she's
1134,She,she’s
1135,So Good,sogood
1136,SO GOOD,sogood
1137,SPARKEAU,sparkeau
1138,Sparkeau,sparkeau
1139,Sukin,sukin
1140,sukin,sukin
1141,Swissvita 薇佳,Swissvita 薇佳
1142,S.W. Basics,Swissvita 薇佳
1143,THOMSON,THOMSON
1144,湯姆盛,THOMSON
1145,Too Cool For School,toocoolforschool
1146,too cool for school,toocoolforschool
1147,Too cool for school,toocoolforschool
1148,UNNY CLUB,UNNY CLUB
1149,IM UNNY,UNNY CLUB
1150,VISEE,viseeavant
1151,Visée AVANT,viseeavant
1152,vita,vita
1153,VITA,vita
1154,VV,vv
1155,Viridis virus,vv
1156,美聯社,vv
1157,元氣,vv
1158,Yvonne Collection,yvonnecollection
1159,yvonne collection,yvonnecollection
1160,Za,za
1161,ZA,za
